Date,Open,High,Low,Close,Volume
2023-04-28,3.08,3.1592,3.08,3.09,199023
2023-04-27,3.11,3.13,3.07,3.09,314179
2023-04-26,3.15,3.2,3.07,3.09,372968
2023-04-25,3.32,3.345,3.135,3.16,379064
2023-04-24,3.29,3.39,3.245,3.37,495757
2023-04-21,3.34,3.35,3.24,3.27,441524
2023-04-20,3.39,3.4677,3.31,3.33,354744
2023-04-19,3.39,3.46,3.335,3.39,561092
2023-04-18,3.37,3.44,3.35,3.39,228752
2023-04-17,3.3,3.41,3.2901,3.39,291900
2023-04-14,3.34,3.395,3.285,3.3,156194
2023-04-13,3.33,3.4,3.29,3.36,232994
2023-04-12,3.58,3.58,3.32,3.35,450632
2023-04-11,3.36,3.565,3.36,3.52,340784
2023-04-10,3.15,3.3327,3.15,3.32,249123
2023-04-06,3.16,3.31,3.11,3.18,562054
2023-04-05,3.3,3.3,3.11,3.19,524400
2023-04-04,3.45,3.46,3.28,3.32,581162
2023-04-03,3.42,3.47,3.36,3.44,291302
2023-03-31,3.32,3.44,3.31,3.43,324333
2023-03-30,3.35,3.3801,3.26,3.29,324327
2023-03-29,3.31,3.31,3.2,3.29,516622
2023-03-28,3.29,3.365,3.2,3.25,458401
2023-03-27,3.39,3.39,3.23,3.31,372939
2023-03-24,3.3,3.35,3.23,3.34,214562
2023-03-23,3.43,3.4605,3.3,3.35,185263
2023-03-22,3.49,3.525,3.38,3.38,298525
2023-03-21,3.55,3.65,3.445,3.48,220891
2023-03-20,3.34,3.475,3.3,3.46,366295
2023-03-17,3.46,3.515,3.31,3.32,1139114
2023-03-16,3.51,3.565,3.415,3.5,266152
2023-03-15,3.43,3.61,3.37,3.59,442067
2023-03-14,3.92,3.94,3.49,3.56,574903
2023-03-13,3.82,3.915,3.73,3.76,524854
2023-03-10,4.0,4.03,3.83,3.93,583566
2023-03-09,4.24,4.25,4.0,4.02,369045
2023-03-08,4.14,4.26,4.1,4.23,340957
2023-03-07,4.2,4.24,4.13,4.15,169523
2023-03-06,4.49,4.49,4.18,4.21,461127
2023-03-03,4.48,4.54,4.42,4.48,166559
2023-03-02,4.39,4.53,4.33,4.45,305375
2023-03-01,4.34,4.505,4.3,4.43,300509
2023-02-28,4.33,4.48,4.32,4.35,993035
2023-02-27,4.38,4.38,4.3,4.36,228964
2023-02-24,4.34,4.4,4.31,4.33,196394
2023-02-23,4.47,4.5338,4.38,4.47,249207
2023-02-22,4.37,4.48,4.37,4.43,210074
2023-02-21,4.89,4.915,4.37,4.38,455922
2023-02-17,4.95,5.0,4.82,4.96,320199
2023-02-16,4.77,4.99,4.73,4.91,375468
2023-02-15,4.65,4.9,4.61,4.86,406284
2023-02-14,4.43,4.76,4.31,4.74,619856
2023-02-13,4.27,4.45,4.16,4.45,519771
2023-02-10,4.16,4.31,4.15,4.24,356676
2023-02-09,4.64,4.64,4.19,4.22,585697
2023-02-08,5.04,5.18,4.535,4.6,612576
2023-02-07,5.42,5.43,5.11,5.3,776489
2023-02-06,5.7,5.8,5.39,5.41,491263
2023-02-03,5.68,5.73,5.62,5.68,244801
2023-02-02,5.57,5.78,5.49,5.7,242712
2023-02-01,5.18,5.56,5.15,5.49,289984
2023-01-31,5.13,5.24,5.13,5.21,195134
2023-01-30,5.14,5.2168,5.0715,5.12,166054
2023-01-27,5.09,5.238,5.09,5.17,116383
2023-01-26,5.05,5.17,5.02,5.1,143928
2023-01-25,4.86,5.03,4.79,5.01,166412
2023-01-24,4.95,4.99,4.86,4.94,154343
2023-01-23,4.89,5.0,4.84,4.9,260705
2023-01-20,4.85,4.89,4.79,4.86,175253
2023-01-19,4.91,4.99,4.72,4.8,226923
2023-01-18,5.18,5.2636,4.95,4.95,266381
2023-01-17,5.26,5.3,5.135,5.16,246361
2023-01-13,5.29,5.38,5.18,5.24,436666
2023-01-12,5.15,5.35,5.1201,5.34,484442
2023-01-11,4.97,5.14,4.97,5.14,255153
2023-01-10,4.83,4.98,4.83,4.96,158357
2023-01-09,4.74,4.915,4.66,4.83,278870
2023-01-06,4.63,4.7,4.55,4.67,150094
2023-01-05,4.65,4.65,4.48,4.54,173888
2023-01-04,4.46,4.67,4.44,4.64,350709
2023-01-03,4.4,4.49,4.334,4.43,308733
2022-12-30,4.21,4.4,4.2,4.31,447692
2022-12-29,4.15,4.35,4.1115,4.3,249385
2022-12-28,4.17,4.3,4.13,4.15,239526
2022-12-27,4.23,4.2625,4.135,4.21,319193
2022-12-23,4.18,4.32,4.1514,4.26,225019
2022-12-22,4.06,4.28,3.89,4.26,405312
2022-12-21,4.18,4.23,4.04,4.09,1043839
2022-12-20,4.15,4.24,4.0,4.13,453908
2022-12-19,4.5,4.5,4.145,4.16,439482
2022-12-16,4.32,4.51,4.2316,4.51,742110
2022-12-15,4.4,4.41,4.225,4.39,504062
2022-12-14,4.8,4.8,4.45,4.46,765025
2022-12-13,5.0,5.07,4.82,4.9,299753
2022-12-12,4.99,5.03,4.8,4.84,397524
2022-12-09,4.85,5.09,4.85,5.01,417088
2022-12-08,4.8,4.94,4.73,4.85,270731
2022-12-07,4.72,4.8,4.7083,4.78,305594
2022-12-06,4.77,4.84,4.615,4.75,357561
2022-12-05,4.71,4.835,4.61,4.72,289244
2022-12-02,4.72,4.79,4.68,4.73,276348
2022-12-01,4.78,4.89,4.74,4.81,273314
2022-11-30,4.69,4.8,4.605,4.75,249900
2022-11-29,4.59,4.68,4.58,4.63,202207
2022-11-28,4.64,4.8,4.6,4.62,300900
2022-11-25,4.79,4.86,4.71,4.71,112425
2022-11-23,4.73,4.86,4.69,4.84,324511
2022-11-22,4.54,4.8,4.54,4.78,908337
2022-11-21,4.48,4.54,4.37,4.48,1040756
2022-11-18,4.63,4.63,4.43,4.5,520871
2022-11-17,4.49,4.63,4.465,4.52,500386
2022-11-16,4.79,4.89,4.5,4.55,632588
2022-11-15,4.92,5.1,4.815,4.86,674284
2022-11-14,4.9,5.055,4.79,4.8,633794
2022-11-11,4.69,5.08,4.63,4.94,632852
2022-11-10,4.6,4.74,4.49,4.57,649915
2022-11-09,4.51,4.59,4.24,4.33,688809
2022-11-08,4.6,4.75,4.43,4.6,494216
2022-11-07,4.43,4.58,4.375,4.57,476991
2022-11-04,4.79,4.79,4.3,4.42,592896
2022-11-03,4.52,4.75,4.4516,4.62,547272
2022-11-02,4.87,4.964,4.45,4.49,804786
2022-11-01,5.33,5.47,4.813,5.1,1023620
2022-10-31,5.6,5.62,5.42,5.43,331929
2022-10-28,5.56,5.68,5.47,5.6,247429
2022-10-27,5.49,5.72,5.425,5.57,335025
2022-10-26,5.39,5.755,5.36,5.49,403789
2022-10-25,5.08,5.4099,5.07,5.38,2069053
2022-10-24,5.17,5.25,5.06,5.08,927175
2022-10-21,5.17,5.19,5.0,5.18,279148
2022-10-20,5.1,5.28,5.01,5.05,321740
2022-10-19,5.33,5.37,4.98,5.07,621129
2022-10-18,5.47,5.6,5.31,5.41,243652
2022-10-17,5.57,5.57,5.295,5.34,285121
2022-10-14,5.54,5.64,5.4,5.41,332493
2022-10-13,5.24,5.625,5.14,5.51,478463
2022-10-12,5.16,5.485,5.16,5.41,418799
2022-10-11,4.92,5.295,4.92,5.19,668923
2022-10-10,5.35,5.38,4.9,4.94,543005
2022-10-07,5.27,5.365,5.22,5.35,437670
2022-10-06,5.24,5.445,5.23,5.38,354911
2022-10-05,5.33,5.35,5.145,5.27,406871
2022-10-04,5.29,5.465,5.27,5.44,566931
2022-10-03,4.94,5.345,4.92,5.19,671851
2022-09-30,4.98,4.98,4.81,4.9,471007
2022-09-29,5.11,5.15,4.88,5.0,312424
2022-09-28,5.17,5.315,5.16,5.21,220414
2022-09-27,5.21,5.25,5.01,5.14,311228
2022-09-26,5.22,5.4,5.095,5.15,297289
2022-09-23,5.24,5.33,5.11,5.28,419085
2022-09-22,5.32,5.47,5.29,5.36,344177
2022-09-21,5.55,5.6,5.25,5.31,519087
2022-09-20,5.8,5.8151,5.51,5.51,371883
2022-09-19,5.72,6.04,5.72,5.9,465342
2022-09-16,5.82,5.9,5.72,5.77,632724
2022-09-15,6.0,6.21,5.94,5.94,310310
2022-09-14,6.08,6.095,5.87,6.04,398112
2022-09-13,6.48,6.48,6.0,6.05,574106
2022-09-12,6.64,6.82,6.64,6.7,241501
2022-09-09,6.5,6.66,6.5,6.6,249474
2022-09-08,6.47,6.57,6.34,6.5,162707
2022-09-07,6.36,6.6,6.33,6.56,449659
2022-09-06,6.69,6.69,6.35,6.39,286249
2022-09-02,6.9,6.9,6.62,6.67,195267
2022-09-01,6.69,6.83,6.585,6.76,383895
2022-08-31,7.01,7.13,6.725,6.78,405188
2022-08-30,7.07,7.2,6.9801,7.06,157435
2022-08-29,7.02,7.14,6.99,7.1,198882
2022-08-26,7.33,7.36,7.06,7.09,212044
2022-08-25,7.19,7.41,7.17,7.39,227996
2022-08-24,7.09,7.32,7.09,7.2,203462
2022-08-23,7.02,7.19,6.975,7.09,309634
2022-08-22,7.29,7.3,6.93,6.96,380856
2022-08-19,7.7,7.7,7.37,7.42,235408
2022-08-18,7.79,7.82,7.57,7.73,297887
2022-08-17,7.84,7.93,7.74,7.82,184691
2022-08-16,7.81,8.09,7.76,7.93,445051
2022-08-15,7.85,7.95,7.695,7.73,305810
2022-08-12,7.54,7.91,7.47,7.89,547442
2022-08-11,7.37,7.55,7.345,7.47,473273
2022-08-10,7.37,7.58,7.25,7.27,686200
2022-08-09,7.36,7.36,6.83,7.05,737158
2022-08-08,7.29,7.47,7.25,7.29,629318
2022-08-05,7.15,7.305,7.11,7.18,285043
2022-08-04,7.21,7.49,7.09,7.21,396745
2022-08-03,7.15,7.21,6.78,7.15,1107285
2022-08-02,7.7,7.785,7.515,7.53,457753
2022-08-01,7.38,7.85,7.3,7.75,565424
2022-07-29,7.5,7.59,7.29,7.46,362350
2022-07-28,7.34,7.5,7.14,7.5,273630
2022-07-27,7.17,7.37,6.995,7.3,376884
2022-07-26,7.25,7.25,6.87,7.05,506917
2022-07-25,7.36,7.405,7.14,7.37,510356
2022-07-22,7.37,7.5,7.17,7.32,341687
2022-07-21,7.18,7.32,7.0,7.31,267263
2022-07-20,6.99,7.17,6.95,7.15,444612
2022-07-19,6.84,6.99,6.84,6.98,331824
2022-07-18,6.74,6.99,6.74,6.77,330909
2022-07-15,6.63,6.71,6.51,6.7,271719
2022-07-14,6.49,6.5,6.33,6.45,193868
2022-07-13,6.41,6.63,6.3682,6.54,200016
2022-07-12,6.59,6.755,6.49,6.52,274444
2022-07-11,6.8,6.88,6.59,6.63,158819
2022-07-08,6.74,6.94,6.72,6.8,225320
2022-07-07,6.66,6.88,6.63,6.8,260748
2022-07-06,6.7,6.76,6.48,6.57,245003
2022-07-05,6.39,6.695,6.26,6.67,289634
2022-07-01,6.25,6.67,6.19,6.58,514641
2022-06-30,6.62,6.65,6.19,6.23,1017745
2022-06-29,7.14,7.14,6.705,6.75,763432
2022-06-28,7.24,7.3752,7.11,7.19,274454
2022-06-27,7.39,7.5,7.23,7.25,259033
2022-06-24,7.26,7.645,7.17,7.46,640526
2022-06-23,7.04,7.27,7.015,7.19,508884
2022-06-22,6.98,7.14,6.98,7.06,263870
2022-06-21,7.14,7.35,7.05,7.08,538912
2022-06-17,6.91,7.09,6.82,7.05,802879
2022-06-16,7.21,7.21,6.7,6.77,383494
2022-06-15,7.28,7.38,7.18,7.27,411513
2022-06-14,7.2,7.26,7.0,7.19,440434
2022-06-13,7.17,7.31,6.885,7.19,642142
2022-06-10,7.4,7.48,7.255,7.41,400416
2022-06-09,7.65,7.69,7.315,7.45,436440
2022-06-08,7.66,7.9,7.6,7.74,352980
2022-06-07,7.51,7.63,7.29,7.6,673462
2022-06-06,7.78,7.78,7.5,7.7,447819
2022-06-03,7.73,7.75,7.59,7.74,410979
2022-06-02,7.57,7.91,7.561,7.86,379238
2022-06-01,7.69,7.87,7.52,7.56,516990
2022-05-31,7.64,7.99,7.595,7.7,565202
2022-05-27,7.56,7.72,7.44,7.5,472121
2022-05-26,7.29,7.65,7.26,7.49,1062824
2022-05-25,6.75,7.25,6.75,7.13,881504
2022-05-24,7.0,7.06,6.7518,6.79,499312
2022-05-23,7.9,8.06,7.08,7.16,764082
2022-05-20,8.0,8.025,7.57,7.9,661555
2022-05-19,7.52,8.086,7.52,7.89,881910
2022-05-18,7.875,8.1103,7.52,7.72,1797443
2022-05-17,7.43,7.6,7.13,7.21,1960410
2022-05-16,7.2,7.485,7.17,7.32,724469
2022-05-13,7.2,7.42,7.11,7.38,541560
2022-05-12,6.78,7.06,6.7,7.02,439560
2022-05-11,7.32,7.41,6.79,6.83,377098
2022-05-10,7.59,7.65,7.26,7.31,470068
2022-05-09,7.7,7.93,7.52,7.57,431295
2022-05-06,7.81,7.88,7.46,7.79,279203
2022-05-05,8.08,8.1,7.6401,7.76,331479
2022-05-04,8.09,8.26,7.84,8.23,368465
2022-05-03,8.06,8.24,7.93,8.11,523530
2022-05-02,7.62,8.07,7.58,8.05,347497
2022-04-29,7.66,7.87,7.59,7.65,259760
2022-04-28,7.52,7.71,7.37,7.68,227375
2022-04-27,7.49,7.615,7.395,7.47,270301
2022-04-26,7.79,7.84,7.5,7.53,303469
2022-04-25,7.6,7.87,7.52,7.86,301976
2022-04-22,7.89,7.89,7.64,7.69,301402
2022-04-21,8.14,8.14,7.83,7.9,285285
2022-04-20,8.29,8.3,7.97,7.99,163037
2022-04-19,8.08,8.31,7.97,8.16,314148
2022-04-18,8.3,8.32,7.92,8.01,432818
2022-04-14,8.23,8.57,8.13,8.28,373873
2022-04-13,7.74,8.18,7.71,8.17,559253
2022-04-12,7.95,8.141,7.665,7.71,316648
2022-04-11,7.79,8.04,7.69,7.86,384901
2022-04-08,7.82,8.055,7.77,7.81,269116
2022-04-07,8.02,8.12,7.6,7.79,503848
2022-04-06,8.05,8.11,7.8997,8.07,399025
2022-04-05,8.38,8.45,8.12,8.21,285710
2022-04-04,8.12,8.39,8.1,8.31,408175
2022-04-01,8.19,8.33,8.09,8.12,430671
2022-03-31,8.21,8.23,7.92,8.17,643371
2022-03-30,8.62,8.64,8.1514,8.18,618718
2022-03-29,8.5,8.93,8.5,8.67,722255
2022-03-28,8.12,8.44,8.03,8.42,663958
2022-03-25,8.16,8.26,8.045,8.09,387473
2022-03-24,8.21,8.24,8.08,8.16,291215
2022-03-23,8.25,8.42,8.11,8.17,319886
2022-03-22,8.28,8.39,8.18,8.34,582879
2022-03-21,8.55,8.55,8.15,8.23,346372
2022-03-18,8.47,8.72,8.4,8.59,607133
2022-03-17,8.28,8.56,8.2401,8.55,458791
2022-03-16,8.06,8.38,8.0,8.3,572596
2022-03-15,7.86,8.0499,7.82,7.99,381915
2022-03-14,8.04,8.04,7.73,7.83,427042
2022-03-11,8.43,8.48,7.92,7.93,483172
2022-03-10,8.48,8.645,8.35,8.41,651950
2022-03-09,8.46,8.79,8.34,8.61,563858
2022-03-08,7.97,8.37,7.95,8.25,1038952
2022-03-07,8.37,8.37,7.97,7.99,503085
2022-03-04,8.72,8.74,8.22,8.35,298471
2022-03-03,8.68,8.91,8.61,8.72,761869
2022-03-02,8.67,8.718,8.49,8.59,731669
2022-03-01,8.71,8.88,8.545,8.64,528827
2022-02-28,8.34,8.83,8.34,8.83,460752
2022-02-25,8.21,8.41,8.1925,8.37,407882
2022-02-24,7.87,8.34,7.82,8.32,715028
2022-02-23,8.28,8.4285,8.01,8.08,526042
2022-02-22,8.46,8.64,8.19,8.23,640675
2022-02-18,8.79,8.92,8.51,8.56,679758
2022-02-17,9.04,9.13,8.825,8.9,454913
2022-02-16,9.1,9.31,8.93,9.08,838587
2022-02-15,8.85,9.03,8.61,9.03,1211479
2022-02-14,8.58,8.99,8.58,8.78,1151903
2022-02-11,8.47,8.77,8.42,8.63,2065727
2022-02-10,8.02,8.38,7.96,8.05,1757427
2022-02-09,8.2,8.72,7.8,8.13,6846249
2022-02-08,9.96,10.64,9.925,10.53,1117378
2022-02-07,9.98,10.24,9.91,9.94,672677
2022-02-04,9.56,10.01,9.44,9.93,714376
2022-02-03,9.81,9.89,9.55,9.63,468111
2022-02-02,10.11,10.35,9.84,10.01,574154
2022-02-01,10.14,10.24,9.89,10.18,436148
2022-01-31,9.74,10.2,9.64,10.2,467548
2022-01-28,9.72,9.83,9.34,9.82,547683
2022-01-27,10.13,10.24,9.66,9.78,432128
2022-01-26,10.75,10.77,9.96,9.97,729308
2022-01-25,10.26,10.75,10.17,10.57,546326
2022-01-24,9.52,10.49,9.44,10.43,771407
2022-01-21,10.06,10.13,9.73,9.79,670651
2022-01-20,10.45,10.75,10.15,10.17,700993
2022-01-19,10.2,10.47,10.17,10.35,360820
2022-01-18,10.45,10.5,10.17,10.17,376052
2022-01-14,10.5,10.75,10.285,10.6,476011
2022-01-13,10.8,11.0,10.7,10.72,353286
2022-01-12,11.04,11.1,10.74,10.76,402146
2022-01-11,11.0,11.085,10.735,11.0,637822
2022-01-10,11.07,11.075,10.77,10.86,756134
2022-01-07,11.3,11.55,11.09,11.2,515729
2022-01-06,11.26,11.58,11.02,11.35,633517
2022-01-05,11.49,11.49,10.92,10.99,944114
2022-01-04,11.21,11.53,11.15,11.46,987435
2022-01-03,10.18,11.31,10.14,11.21,1713301
2021-12-31,10.1,10.12,9.9,9.98,850712
2021-12-30,10.04,10.35,10.0,10.1,947082
2021-12-29,10.24,10.27,10.06,10.1,444835
2021-12-28,10.2,10.49,10.2,10.25,379677
2021-12-27,10.02,10.36,10.02,10.29,710035
2021-12-23,10.0,10.115,9.8932,9.99,680623
2021-12-22,10.11,10.25,9.9,9.94,394251
2021-12-21,9.84,10.17,9.81,10.03,815866
2021-12-20,9.86,9.97,9.42,9.73,758437
2021-12-17,10.04,10.29,9.72,10.13,521762
2021-12-16,10.98,10.98,10.02,10.06,538323
2021-12-15,10.75,10.84,10.275,10.84,419580
2021-12-14,10.73,10.96,10.73,10.84,316965
2021-12-13,11.0,11.05,10.65,10.85,565934
2021-12-10,11.31,11.35,10.93,11.1,401836
2021-12-09,11.55,11.7,11.24,11.25,240015
2021-12-08,11.73,11.75,11.5,11.64,296582
2021-12-07,11.62,11.93,11.54,11.68,270398
2021-12-06,11.11,11.6,10.901,11.35,386818
2021-12-03,11.57,11.57,11.04,11.15,412467
2021-12-02,11.32,11.57,11.23,11.55,642995
2021-12-01,11.98,12.18,11.23,11.26,486826
2021-11-30,11.85,12.09,11.52,11.63,553811
2021-11-29,12.48,12.48,11.89,11.98,412420
2021-11-26,12.21,12.4,11.93,12.24,312500
2021-11-24,12.62,12.98,12.33,12.67,287714
2021-11-23,12.82,13.0,12.42,12.79,515960
2021-11-22,12.85,13.18,12.72,12.95,416945
2021-11-19,12.93,13.02,12.78,12.82,314573
2021-11-18,13.01,13.15,12.64,13.09,405620
2021-11-17,13.02,13.299,12.8,13.0,404111
2021-11-16,13.06,13.17,12.95,13.14,441105
2021-11-15,13.49,13.579,12.971,13.06,337210
2021-11-12,13.18,13.52,13.16,13.46,312528
2021-11-11,13.3,13.42,13.06,13.18,372359
2021-11-10,13.52,13.6,13.16,13.33,515192
2021-11-09,13.63,13.975,13.32,13.61,532697
2021-11-08,13.66,14.0,13.295,13.66,882923
2021-11-05,13.79,14.05,13.6,13.7,1228627
2021-11-04,13.7,13.87,13.2,13.62,996622
2021-11-03,12.04,14.25,11.92,13.64,4395301
2021-11-02,11.5,11.61,11.29,11.4,746081
2021-11-01,11.19,11.59,11.1,11.51,956698
2021-10-29,10.91,11.15,10.77,11.06,684312
2021-10-28,10.485,10.94,10.36,10.9,430223
2021-10-27,10.38,10.52,10.035,10.45,731646
2021-10-26,10.925,11.0,10.3,10.36,350044
2021-10-25,10.66,10.93,10.63,10.9,301993
2021-10-22,10.84,10.86,10.52,10.67,444054
2021-10-21,10.5,10.92,10.38,10.85,550896
2021-10-20,10.12,10.75,10.12,10.5,577684
2021-10-19,10.13,10.42,10.13,10.2,493599
2021-10-18,10.05,10.354,9.97,10.27,332605
2021-10-15,10.03,10.205,9.93,10.12,461528
2021-10-14,9.89,10.015,9.76,9.9,350397
2021-10-13,9.94,9.94,9.73,9.84,257720
2021-10-12,10.06,10.07,9.75,9.88,433304
2021-10-11,10.15,10.2,9.9215,9.97,205058
2021-10-08,10.26,10.29,9.87,10.03,329980
2021-10-07,10.08,10.31,10.0401,10.27,432563
2021-10-06,10.07,10.3,9.865,9.9,433541
2021-10-05,10.09,10.3,9.99,10.23,510738
2021-10-04,9.94,10.0441,9.62,9.98,517671
2021-10-01,9.57,10.1198,9.25,9.95,921001
2021-09-30,11.08,11.08,9.48,9.52,1633925
2021-09-29,11.0,11.23,10.89,11.15,277180
2021-09-28,11.14,11.3,10.92,10.94,330398
2021-09-27,11.04,11.315,11.035,11.21,455919
2021-09-24,10.74,11.02,10.6,10.99,435377
2021-09-23,10.69,11.09,10.66,10.86,324437
2021-09-22,10.43,10.74,10.41,10.61,261683
2021-09-21,10.45,10.59,10.2,10.47,384228
2021-09-20,10.49,10.73,10.17,10.38,704483
2021-09-17,10.8,11.0399,10.8,10.83,850457
2021-09-16,10.75,11.09,10.72,10.83,330452
2021-09-15,10.65,10.82,10.62,10.8,271083
2021-09-14,10.99,11.0,10.595,10.69,275173
2021-09-13,11.18,11.21,10.89,11.0,426319
2021-09-10,11.33,11.5418,11.12,11.13,344583
2021-09-09,10.78,11.345,10.73,11.21,366383
2021-09-08,11.0,11.0,10.59,10.76,439735
2021-09-07,11.35,11.61,11.0,11.04,331519
2021-09-03,11.32,11.47,11.1093,11.41,404243
2021-09-02,11.66,11.76,11.38,11.4,469673
2021-09-01,11.59,11.6854,11.38,11.55,325009
2021-08-31,12.04,12.12,11.38,11.6,566839
2021-08-30,11.9,12.4113,11.9,12.22,643711
2021-08-27,11.56,11.8,11.49,11.76,445667
2021-08-26,11.53,11.64,11.33,11.56,335340
2021-08-25,11.35,11.63,11.315,11.6,435215
2021-08-24,10.94,11.53,10.81,11.35,490525
2021-08-23,10.8,11.15,10.605,10.88,509659
2021-08-20,10.46,10.95,10.33,10.79,530952
2021-08-19,10.52,10.8,10.43,10.55,533978
2021-08-18,10.95,11.1,10.64,10.66,751706
2021-08-17,11.46,11.69,10.8415,11.0,610690
2021-08-16,12.0,12.15,11.6,11.65,461498
2021-08-13,12.185,12.28,12.01,12.09,512293
2021-08-12,12.32,12.54,12.12,12.19,509410
2021-08-11,12.25,12.38,11.79,12.3,578836
2021-08-10,11.65,12.4117,11.61,12.23,933063
2021-08-09,11.24,11.91,11.0336,11.49,967688
2021-08-06,11.35,11.52,11.03,11.21,417883
2021-08-05,11.03,11.58,10.83,11.33,460300
2021-08-04,11.84,11.85,10.3,10.98,1372919
2021-08-03,10.76,11.07,10.35,11.06,615595
2021-08-02,10.68,10.94,10.55,10.68,656397
2021-07-30,10.31,10.57,10.3,10.52,443029
2021-07-29,10.54,10.65,10.39,10.41,338127
2021-07-28,10.56,10.7124,10.32,10.44,347413
2021-07-27,10.6,10.6,10.22,10.5,342683
2021-07-26,10.69,10.84,10.46,10.62,361475
2021-07-23,10.78,10.94,10.6,10.69,369323
2021-07-22,10.92,10.935,10.44,10.66,483774
2021-07-21,10.97,11.25,10.91,10.99,400149
2021-07-20,10.6,10.97,10.44,10.95,486489
2021-07-19,10.16,10.68,10.03,10.5,1046030
2021-07-16,11.04,11.14,10.4,10.47,709118
2021-07-15,10.98,11.18,10.7,10.95,547269
2021-07-14,11.4,11.5,11.0,11.09,587457
2021-07-13,11.78,11.82,11.2,11.21,416372
2021-07-12,11.76,11.8,11.53,11.79,464597
2021-07-09,11.79,12.04,11.67,11.82,393601
2021-07-08,11.62,11.69,11.16,11.57,686078
2021-07-07,12.17,12.32,11.921,11.94,439726
2021-07-06,12.74,12.77,12.17,12.32,587465
2021-07-02,13.26,13.26,12.67,12.81,524251
2021-07-01,13.15,13.35,12.845,13.1,662404
2021-06-30,12.88,13.33,12.88,13.04,792007
2021-06-29,12.89,13.17,12.66,12.99,539803
2021-06-28,13.205,13.205,12.56,12.85,718199
2021-06-25,12.89,13.38,12.75,13.22,984366
2021-06-24,12.82,13.19,12.63,12.85,719443
2021-06-23,12.38,12.7,12.33,12.6,359378
2021-06-22,12.41,12.4947,12.04,12.37,679316
2021-06-21,12.36,12.63,12.26,12.41,588773
2021-06-18,12.58,12.73,12.095,12.2,913859
2021-06-17,12.95,13.13,12.58,12.77,483421
2021-06-16,12.9,12.97,12.46,12.92,441397
2021-06-15,13.41,13.44,12.91,13.05,377164
2021-06-14,13.84,14.0,13.435,13.49,442968
2021-06-11,13.69,14.0,13.6,13.85,620314
2021-06-10,13.79,13.95,13.42,13.63,675552
2021-06-09,13.81,14.0,13.5782,13.82,729726
2021-06-08,13.66,14.0,13.54,13.86,674847
2021-06-07,13.13,13.57,13.13,13.5,558778
2021-06-04,13.1,13.16,12.9,13.05,480150
2021-06-03,13.25,13.25,12.9,12.99,553347
2021-06-02,13.34,13.66,13.06,13.46,645951
2021-06-01,13.65,13.82,13.21,13.22,601498
2021-05-28,14.13,14.14,13.47,13.56,534542
2021-05-27,13.94,14.05,13.4001,13.97,1161627
2021-05-26,13.04,13.96,13.0,13.79,1141711
2021-05-25,12.96,13.31,12.86,12.9,923118
2021-05-24,13.49,13.5,12.55,12.84,1002435
2021-05-21,12.99,13.76,12.75,13.42,1905316
2021-05-20,11.85,12.54,11.8,12.32,1081910
2021-05-19,12.7,12.9899,11.43,11.65,2512703
2021-05-18,13.41,13.46,12.71,13.1,1684505
2021-05-17,13.42,13.9,13.04,13.26,531907
2021-05-14,13.22,13.7,13.14,13.53,550267
2021-05-13,13.0,13.42,12.67,13.01,615357
2021-05-12,13.25,13.368,12.74,12.84,1001296
2021-05-11,12.77,13.51,12.5,13.49,738255
2021-05-10,13.41,13.55,13.08,13.2,579194
2021-05-07,13.27,13.69,13.16,13.62,638295
2021-05-06,12.81,13.3,12.68,13.23,813324
2021-05-05,13.4,13.4,12.46,12.64,618414
2021-05-04,13.31,13.45,12.76,13.23,877160
2021-05-03,14.26,14.48,13.31,13.48,1838439
2021-04-30,14.48,14.58,14.01,14.09,928070
2021-04-29,15.03,15.06,14.24,14.56,703945
2021-04-28,14.67,15.01,14.33,14.94,644633
2021-04-27,14.88,15.22,14.76,14.77,466078
2021-04-26,15.53,15.62,14.77,14.9,645699
2021-04-23,15.08,15.67,15.0,15.47,629596
2021-04-22,15.05,15.4899,14.75,15.03,623462
2021-04-21,14.46,15.2,14.2,15.04,1374616
2021-04-20,14.94,15.162,14.36,14.47,812761
2021-04-19,15.01,15.14,14.53,15.04,1116873
2021-04-16,14.94,15.32,14.43,15.17,594704
2021-04-15,15.44,15.44,14.745,14.84,700495
2021-04-14,15.46,15.67,15.02,15.24,548982
2021-04-13,15.33,15.67,15.07,15.56,940566
2021-04-12,16.35,17.88,14.771,15.25,2579222
2021-04-09,16.23,16.54,16.08,16.39,256508
2021-04-08,16.07,16.72,15.875,16.32,843850
2021-04-07,16.12,16.2,15.7,15.96,577272
2021-04-06,16.36,16.8499,16.13,16.31,546625
2021-04-05,16.62,16.65,15.41,16.28,1273795
2021-04-01,16.82,16.99,16.03,16.42,832137
2021-03-31,16.36,16.98,16.12,16.64,998070
2021-03-30,15.55,16.39,15.55,16.18,642663
2021-03-29,16.44,16.79,15.5,15.52,819415
2021-03-26,16.35,16.81,16.04,16.63,545635
2021-03-25,15.26,16.34,15.0605,16.21,799247
2021-03-24,16.41,16.62,15.51,15.55,1368925
2021-03-23,16.75,17.16,16.18,16.36,759118
2021-03-22,17.51,17.68,16.71,16.96,594636
2021-03-19,17.5,18.14,17.27,17.51,2057277
2021-03-18,17.83,18.57,17.33,17.53,629324
2021-03-17,17.51,18.15,17.32,17.8,1056698
2021-03-16,19.15,19.31,16.96,17.4,2189083
2021-03-15,18.26,19.2,17.78,19.19,1113825
2021-03-12,17.25,18.375,16.88,18.3,1359216
2021-03-11,16.69,17.45,16.23,17.45,1284769
2021-03-10,16.8,17.37,16.08,16.34,1507283
2021-03-09,15.92,16.99,15.915,16.88,1257030
2021-03-08,15.35,16.48,15.27,15.49,867810
2021-03-05,15.84,15.89,13.9,15.19,1865250
2021-03-04,16.01,16.6,14.89,15.73,1630740
2021-03-03,16.43,16.71,15.56,16.37,1188624
2021-03-02,16.35,16.85,16.17,16.44,995605
2021-03-01,15.51,16.35,15.45,16.26,871311
2021-02-26,14.83,15.78,14.57,15.33,823086
2021-02-25,15.72,16.11,14.43,14.55,1291949
2021-02-24,15.4,15.96,15.07,15.68,1104593
2021-02-23,15.38,15.64,14.34,15.4,2063354
2021-02-22,17.35,17.4,15.5,15.54,1771867
2021-02-19,16.91,18.48,16.73,17.45,3400219
2021-02-18,15.89,17.65,15.65,16.88,4298408
2021-02-17,15.36,15.63,14.87,15.12,1523773
2021-02-16,16.05,16.2,14.81,15.45,1441218
2021-02-12,15.87,16.2225,15.33,16.02,1019602
2021-02-11,15.05,16.41,14.7204,15.84,2962879
2021-02-10,15.2,15.4,14.5,15.08,1439763
2021-02-09,15.41,15.54,14.74,15.12,1148484
2021-02-08,15.58,15.76,14.5,15.41,2945391
2021-02-05,15.71,15.97,15.0,15.76,1331319
2021-02-04,15.83,16.25,15.27,15.61,1352211
2021-02-03,14.54,17.17,14.54,15.57,3025685
2021-02-02,15.62,15.7611,14.2876,14.81,1995704
2021-02-01,14.2,15.72,13.92,15.51,2043072
2021-01-29,13.34,14.25,13.1601,13.63,1069919
2021-01-28,13.25,14.2084,12.7,13.27,856581
2021-01-27,12.58,14.15,12.54,13.22,1086127
2021-01-26,13.3,13.54,12.48,12.94,627641
2021-01-25,12.76,14.5573,12.76,13.15,1341633
2021-01-22,12.19,12.53,12.02,12.43,470215
2021-01-21,11.76,12.75,11.7552,12.35,577801
2021-01-20,12.01,12.1,11.35,11.72,477907
2021-01-19,11.9,12.19,11.5276,11.9,442651
2021-01-15,12.8,12.98,11.29,11.68,962046
2021-01-14,12.8,13.17,12.35,12.8,940693
2021-01-13,12.17,13.24,11.95,12.67,1642345
2021-01-12,11.54,12.06,11.54,12.04,630625
2021-01-11,11.14,11.71,10.63,11.48,653558
2021-01-08,11.45,11.6555,11.21,11.36,701230
2021-01-07,10.93,11.62,10.85,11.35,1030797
2021-01-06,9.75,11.1,9.75,11.07,1389068
2021-01-05,9.63,9.94,9.4501,9.79,1128144
2021-01-04,9.54,9.83,9.23,9.72,953685
2020-12-31,9.82,9.94,9.47,9.54,1417419
2020-12-30,9.88,10.19,9.716,9.74,835924
2020-12-29,10.96,11.0,9.72,9.87,2109295
2020-12-28,12.38,12.42,10.75,10.8,1310793
2020-12-24,12.9,12.9512,11.93,12.21,886834
2020-12-23,12.13,13.84,12.1,12.82,2774201
2020-12-22,10.51,12.17,10.16,12.04,3444210
2020-12-21,9.68,10.19,9.56,10.01,730246
2020-12-18,10.84,10.98,9.82,9.99,1297081
2020-12-17,10.73,11.16,10.485,10.81,944004
2020-12-16,10.85,10.97,10.36,10.58,742734
2020-12-15,10.4,10.94,10.19,10.81,825960
2020-12-14,10.64,10.75,10.01,10.44,668279
2020-12-11,10.76,10.98,10.41,10.52,447026
2020-12-10,10.64,11.43,10.03,10.78,1271351
2020-12-09,10.0,11.07,9.9058,10.82,1442087
2020-12-08,9.7,10.15,9.695,9.91,611807
2020-12-07,10.05,10.05,9.4,9.79,930180
2020-12-04,9.7,10.28,9.51,9.97,1618086
2020-12-03,9.48,9.84,9.32,9.64,776277
2020-12-02,9.25,9.885,9.07,9.5,977167
2020-12-01,9.51,9.715,9.12,9.39,672376
2020-11-30,9.64,9.73,8.91,9.3,1371277
2020-11-27,9.06,9.84,9.03,9.58,928207
2020-11-25,9.16,9.3914,8.75,9.13,950610
2020-11-24,9.46,9.46,8.78,9.27,2907738
2020-11-23,11.26,11.4362,9.18,9.31,4226171
2020-11-20,10.75,11.33,10.61,11.1,2823841
2020-11-19,9.6,10.59,9.55,10.38,3324124
2020-11-18,9.75,10.15,9.55,9.69,721634
2020-11-17,9.63,10.25,9.52,9.75,1550587
2020-11-16,10.08,10.1,9.6,9.74,648689
2020-11-13,10.15,10.42,9.86,9.98,578671
2020-11-12,10.04,10.4,9.81,9.98,769983
2020-11-11,10.05,10.343,9.54,10.04,782481
2020-11-10,9.5,10.55,9.31,10.1,1257174
2020-11-09,10.75,10.75,9.29,9.46,1281307
2020-11-06,10.05,10.36,9.64,9.74,895429
2020-11-05,10.4,10.94,10.05,10.19,1293535
2020-11-04,9.47,9.9,9.33,9.71,863585
2020-11-03,9.69,9.77,9.24,9.52,701399
2020-11-02,9.57,10.02,9.1,9.44,1221954
2020-10-30,9.41,9.6252,8.91,9.52,900046
2020-10-29,8.81,9.78,8.81,9.55,1181928
2020-10-28,8.98,9.19,8.43,8.82,1026499
2020-10-27,9.24,9.44,8.938,9.24,883620
2020-10-26,9.775,10.0,8.72,9.12,1443976
2020-10-23,9.52,10.19,9.52,9.84,1843639
2020-10-22,8.77,9.54,8.25,9.51,2085701
2020-10-21,11.21,11.8799,8.94,8.95,6739025
2020-10-20,9.27,10.48,9.04,10.05,2316329
2020-10-19,9.22,9.49,9.0801,9.16,926798
2020-10-16,9.44,9.445,8.91,9.14,587132
2020-10-15,8.65,9.55,8.58,9.45,838100
2020-10-14,8.86,8.99,8.55,8.9,466281
2020-10-13,8.48,9.09,8.3041,8.75,695584
2020-10-12,8.63,8.74,8.42,8.49,447354
2020-10-09,8.55,8.84,8.3838,8.55,549521
2020-10-08,8.77,9.32,8.2,8.57,1446699
2020-10-07,9.16,9.72,8.26,8.8,1731500
2020-10-06,8.77,9.32,8.65,9.0,1785145
2020-10-05,8.12,8.72,8.0201,8.7,2475190
2020-10-02,7.43,8.15,7.31,7.93,1691162
2020-10-01,6.32,7.82,6.32,7.79,3957436
2020-09-30,6.47,6.66,6.08,6.21,1238083
2020-09-29,6.27,7.09,6.27,6.49,1373156
2020-09-28,6.19,6.55,6.14,6.17,579799
2020-09-25,6.25,6.45,5.98,6.12,606404
2020-09-24,6.19,6.55,6.02,6.24,670264
2020-09-23,7.02,7.35,6.11,6.22,1799287
2020-09-22,6.62,7.355,6.52,7.09,1721796
2020-09-21,6.3,6.85,6.11,6.58,1682503
2020-09-18,6.4,6.6,6.04,6.05,2272595
2020-09-17,5.97,6.69,5.72,6.19,2107093
2020-09-16,5.3,6.39,5.3,5.92,2029029
2020-09-15,4.95,5.82,4.81,5.33,1273380
2020-09-14,4.29,5.0,4.2886,4.83,1348234
2020-09-11,4.01,4.18,3.87,4.14,319820
2020-09-10,3.76,4.0,3.76,3.95,264703
2020-09-09,3.88,4.01,3.7,3.73,220179
2020-09-08,4.06,4.07,3.9,3.9,179184
2020-09-04,4.18,4.35,3.989,4.06,307849
2020-09-03,4.33,4.51,4.18,4.19,274657
2020-09-02,4.48,4.5133,4.3,4.35,230487
2020-09-01,4.22,4.59,4.15,4.49,687109
2020-08-31,4.25,4.35,4.11,4.25,282312
2020-08-28,3.95,4.3,3.95,4.23,314707
2020-08-27,3.95,4.1,3.9058,3.96,179817
2020-08-26,4.03,4.16,3.92,3.94,111552
2020-08-25,4.12,4.28,3.99,4.01,372350
2020-08-24,3.77,4.18,3.77,4.12,332040
2020-08-21,3.78,3.93,3.67,3.79,200541
2020-08-20,3.58,3.95,3.57,3.81,270653
2020-08-19,3.35,3.69,3.35,3.64,303402
2020-08-18,3.49,3.5,3.37,3.38,73823
2020-08-17,3.52,3.574,3.38,3.48,148234
2020-08-14,3.37,3.49,3.34,3.48,144195
2020-08-13,3.39,3.4,3.31,3.39,102976
2020-08-12,3.39,3.42,3.26,3.39,124366
2020-08-11,3.42,3.52,3.34,3.34,92906
2020-08-10,3.3,3.52,3.3,3.42,207117
2020-08-07,3.21,3.4,3.2,3.32,138783
2020-08-06,3.28,3.32,3.16,3.2,121905
2020-08-05,3.28,3.32,3.22,3.3,103860
2020-08-04,3.31,3.34,3.12,3.22,403466
2020-08-03,3.42,3.54,3.35,3.5,234342
2020-07-31,3.65,3.66,3.36,3.45,331642
2020-07-30,3.71,3.74,3.55,3.7,259405
2020-07-29,4.21,4.3,3.57,3.63,792595
2020-07-28,4.3,4.34,4.19,4.27,436502
2020-07-27,4.29,4.34,4.17,4.22,152555
2020-07-24,4.29,4.39,4.21,4.24,169567
2020-07-23,4.32,4.43,4.2,4.27,163584
2020-07-22,4.19,4.45,4.19,4.31,195255
2020-07-21,4.16,4.393,4.16,4.24,207334
2020-07-20,4.18,4.52,4.1,4.14,370270
2020-07-17,4.2,4.4,4.17,4.18,191691
2020-07-16,4.17,4.29,3.98,4.2,215992
2020-07-15,4.05,4.3,4.0261,4.2,382528
2020-07-14,3.9,4.09,3.79,3.95,336380
2020-07-13,4.2,4.2,3.71,3.72,437349
2020-07-10,3.81,4.19,3.81,4.1,344401
2020-07-09,4.28,4.39,3.75,3.77,896711
2020-07-08,3.35,4.54,3.34,4.19,4753015
2020-07-07,3.46,3.46,3.27,3.31,186675
2020-07-06,3.21,3.47,3.21,3.44,198607
2020-07-02,3.3,3.35,3.14,3.21,165441
2020-07-01,3.28,3.31,3.18,3.24,86761
2020-06-30,3.22,3.3,3.07,3.24,160373
2020-06-29,2.99,3.37,2.99,3.16,224484
2020-06-26,2.94,3.2,2.83,3.14,579759
2020-06-25,2.92,3.02,2.86,2.99,164067
2020-06-24,3.1,3.15,2.88,3.0,199384
2020-06-23,3.1,3.24,3.0671,3.14,178406
2020-06-22,3.08,3.25,2.97,3.02,233876
2020-06-19,3.26,3.44,3.15,3.18,260441
2020-06-18,3.12,3.41,3.06,3.22,142633
2020-06-17,3.35,3.36,3.11,3.21,200193
2020-06-16,3.4,3.47,3.2101,3.36,306939
2020-06-15,3.0,3.35,2.95,3.19,214841
2020-06-12,2.95,3.44,2.9,3.27,459428
2020-06-11,2.9,3.1199,2.7,2.73,531290
2020-06-10,3.86,3.86,3.09,3.45,402302
2020-06-09,3.85,3.96,3.47,3.86,332815
2020-06-08,3.8,4.03,3.7794,3.9,387129
2020-06-05,3.48,3.8,3.45,3.64,405229
2020-06-04,3.05,3.36,3.0401,3.25,186020
2020-06-03,3.2,3.25,3.11,3.13,248889
2020-06-02,3.1,3.26,2.93,2.99,285631
2020-06-01,2.93,3.19,2.85,3.03,227861
2020-05-29,2.75,2.91,2.65,2.85,267021
2020-05-28,3.1,3.19,2.76,2.83,462799
2020-05-27,2.79,3.05,2.72,3.02,452034
2020-05-26,2.33,2.72,2.31,2.65,583071
2020-05-22,2.21,2.27,2.1678,2.25,141088
2020-05-21,2.1,2.28,2.1,2.18,376842
2020-05-20,2.11,2.14,2.05,2.09,208768
2020-05-19,2.12,2.16,2.04,2.07,178791
2020-05-18,2.09,2.17,2.05,2.1,278195
2020-05-15,2.01,2.085,1.95,2.02,245350
2020-05-14,2.08,2.2,1.91,2.02,379326
2020-05-13,2.31,2.43,2.0,2.08,826323
2020-05-12,2.4,2.6,2.31,2.57,565262
2020-05-11,2.24,2.4,2.12,2.26,322065
2020-05-08,2.08,2.3,2.0,2.28,256100
2020-05-07,2.0,2.08,2.0,2.03,133717
2020-05-06,2.0,2.08,1.95,2.0,210480
2020-05-05,2.0,2.05,1.98,2.03,145238
2020-05-04,2.06,2.1,1.87,2.04,172085
2020-05-01,2.2,2.2,1.96,2.11,252790
2020-04-30,2.31,2.31,2.0799,2.1,354170
2020-04-29,2.37,2.44,2.3,2.32,543477
2020-04-28,2.25,2.345,2.25,2.31,642639
2020-04-27,2.05,2.18,2.03,2.18,534515
2020-04-24,2.1,2.1,1.97,2.02,216561
2020-04-23,1.98,2.12,1.969,2.05,304022
2020-04-22,2.02,2.08,1.95,1.99,272975
2020-04-21,2.04,2.07,1.98,2.03,230317
2020-04-20,2.12,2.15,2.02,2.06,219178
2020-04-17,2.17,2.27,2.02,2.14,327762
2020-04-16,2.04,2.08,1.97,2.08,440245
2020-04-15,2.2,2.22,2.02,2.04,390975
2020-04-14,2.5,2.5201,2.15,2.2,392494
2020-04-13,2.61,2.64,2.29,2.5,342360
2020-04-09,2.38,2.82,2.3301,2.69,483796
2020-04-08,2.09,2.39,2.09,2.3,269690
2020-04-07,2.27,2.28,2.06,2.14,292408
2020-04-06,2.21,2.41,2.11,2.18,545812
2020-04-03,2.07,2.0837,1.93,2.02,133440
2020-04-02,2.02,2.14,1.985,2.12,208041
2020-04-01,2.33,2.33,2.005,2.02,280234
2020-03-31,2.41,2.49,2.3,2.36,268589
2020-03-30,3.2,3.2,2.26,2.4,660682
2020-03-27,3.19,3.33,3.04,3.18,219743
2020-03-26,3.21,3.37,3.14,3.34,353041
2020-03-25,2.74,3.41,2.61,3.22,334207
2020-03-24,2.59,2.885,2.5101,2.85,243029
2020-03-23,2.62,2.62,2.38,2.47,181863
2020-03-20,2.49,2.55,2.27,2.53,348347
2020-03-19,1.99,2.33,1.93,2.32,326402
2020-03-18,2.15,2.21,1.91,2.0,252991
2020-03-17,2.02,2.28,1.94,2.26,405625
2020-03-16,1.8,2.1881,1.8,2.09,244511
2020-03-13,2.16,2.2499,1.96,2.14,394228
2020-03-12,2.27,2.27,2.1,2.11,315818
2020-03-11,2.74,2.74,2.4,2.41,262692
2020-03-10,2.9,2.98,2.7342,2.78,162699
2020-03-09,2.92,2.96,2.63,2.86,400921
2020-03-06,3.27,3.33,3.04,3.07,306513
2020-03-05,3.48,3.48,3.23,3.37,365935
2020-03-04,3.58,3.58,3.41,3.52,198611
2020-03-03,3.77,3.78,3.525,3.57,304659
2020-03-02,3.79,3.84,3.6,3.64,299790
2020-02-28,3.8,3.87,3.6,3.78,531083
2020-02-27,3.87,4.02,3.845,3.89,303359
2020-02-26,4.06,4.06,3.85,3.97,515637
2020-02-25,4.11,4.11,4.04,4.05,226291
2020-02-24,4.06,4.1136,4.0,4.08,222383
2020-02-21,4.3,4.3,4.09,4.1,115957
2020-02-20,4.26,4.38,4.25,4.3,135950
2020-02-19,4.15,4.34,4.1205,4.27,170806
2020-02-18,4.1,4.16,4.05,4.12,101026
2020-02-14,4.25,4.26,4.07,4.1,189526
2020-02-13,4.26,4.37,4.22,4.27,185283
2020-02-12,4.17,4.27,4.11,4.25,146357
2020-02-11,4.03,4.16,3.99,4.13,156226
2020-02-10,4.08,4.12,3.95,4.04,305792
2020-02-07,4.16,4.19,4.045,4.12,174865
2020-02-06,4.11,4.2,4.0,4.14,516766
2020-02-05,4.5,4.72,4.13,4.17,537550
2020-02-04,4.26,4.45,4.25,4.35,297733
2020-02-03,4.05,4.31,4.05,4.19,187576
2020-01-31,4.04,4.07,3.97,4.04,185682
2020-01-30,4.1,4.135,3.94,4.05,388050
2020-01-29,4.2,4.2705,4.1,4.12,166898
2020-01-28,4.21,4.22,4.11,4.2,120813
2020-01-27,4.24,4.24,4.11,4.13,111781
2020-01-24,4.59,4.59,4.22,4.22,194992
2020-01-23,4.47,4.59,4.34,4.56,206869
2020-01-22,4.52,4.53,4.44,4.47,99039
2020-01-21,4.57,4.57,4.37,4.48,181737
2020-01-17,4.64,4.65,4.51,4.55,206608
2020-01-16,4.79,4.79,4.47,4.58,373050
2020-01-15,4.35,4.79,4.2963,4.76,354609
2020-01-14,4.12,4.4,4.05,4.31,452611
2020-01-13,4.05,4.13,3.9884,4.11,223623
2020-01-10,4.16,4.16,3.95,4.04,383171
2020-01-09,4.35,4.35,4.11,4.12,196009
2020-01-08,4.36,4.45,4.33,4.34,213375
2020-01-07,4.44,4.45,4.31,4.39,104453
2020-01-06,4.23,4.46,4.2,4.45,118495
2020-01-03,4.22,4.32,4.18,4.28,141542
2020-01-02,4.29,4.37,4.17,4.27,142791
2019-12-31,4.16,4.255,4.145,4.22,232466
2019-12-30,4.27,4.336,4.16,4.23,159711
2019-12-27,4.52,4.55,4.29,4.32,195970
2019-12-26,4.52,4.65,4.48,4.53,162841
2019-12-24,4.37,4.63,4.37,4.53,183134
2019-12-23,4.18,4.43,4.11,4.37,238838
2019-12-20,4.14,4.17,4.08,4.17,351319
2019-12-19,4.09,4.14,4.025,4.13,125433
2019-12-18,4.1,4.23,4.05,4.07,273737
2019-12-17,3.99,4.1,3.94,4.09,291371
2019-12-16,4.01,4.07,3.95,4.0,205794
2019-12-13,4.13,4.16,4.01,4.05,123878
2019-12-12,4.14,4.19,4.06,4.16,196670
2019-12-11,4.0,4.16,3.96,4.15,229274
2019-12-10,3.95,4.01,3.9,4.0,143084
2019-12-09,4.0,4.06,3.93,3.99,168676
2019-12-06,3.97,4.07,3.92,4.06,156669
2019-12-05,3.99,4.06,3.86,3.93,164814
2019-12-04,4.02,4.045,3.93,3.98,127793
2019-12-03,3.93,4.02,3.84,4.0,264813
2019-12-02,4.19,4.19,3.965,3.98,178135
2019-11-29,4.08,4.21,4.06,4.16,114704
2019-11-27,3.99,4.115,3.97,4.08,220773
2019-11-26,4.05,4.09,3.94,3.96,444567
2019-11-25,3.8,4.04,3.8,4.04,288027
2019-11-22,3.71,3.83,3.71,3.78,249377
2019-11-21,3.73,3.82,3.68,3.78,250385
2019-11-20,3.74,3.76,3.62,3.73,269349
2019-11-19,3.81,3.81,3.57,3.74,435563
2019-11-18,3.77,3.84,3.72,3.81,142297
2019-11-15,3.84,3.84,3.68,3.78,282698
2019-11-14,3.79,3.85,3.745,3.81,319432
2019-11-13,3.72,3.8,3.5838,3.78,424998
2019-11-12,3.83,3.85,3.65,3.66,282638
2019-11-11,3.94,3.985,3.68,3.85,419371
2019-11-08,3.96,3.96,3.83,3.94,373467
2019-11-07,4.05,4.139,3.95,3.96,309269
2019-11-06,4.03,4.06,3.85,4.02,465670
2019-11-05,4.13,4.39,4.03,4.05,323112
2019-11-04,4.32,4.3999,4.08,4.1,390737
2019-11-01,4.23,4.39,4.18,4.26,219702
2019-10-31,3.9586,4.32,3.89,4.22,554454
2019-10-30,4.75,4.87,3.94,3.97,1677121
2019-10-29,4.9,5.14,4.8,5.05,559620
2019-10-28,4.97,5.15,4.89,4.92,197990
2019-10-25,4.87,5.03,4.82,4.95,182245
2019-10-24,5.0,5.0,4.84,4.91,221439
2019-10-23,4.82,5.02,4.8,4.99,220952
2019-10-22,4.85,4.87,4.64,4.82,222335
2019-10-21,4.71,4.89,4.65,4.86,236963
2019-10-18,4.63,4.73,4.63,4.7,170947
2019-10-17,4.74,4.75,4.59,4.68,238620
2019-10-16,4.56,4.63,4.5,4.55,202332
2019-10-15,4.48,4.62,4.41,4.56,179093
2019-10-14,4.41,4.55,4.385,4.48,121411
2019-10-11,4.36,4.57,4.35,4.49,170341
2019-10-10,4.3,4.43,4.24,4.25,281580
2019-10-09,4.25,4.38,4.21,4.34,285345
2019-10-08,4.31,4.37,4.2023,4.21,192420
2019-10-07,4.4,4.48,4.38,4.4,174586
2019-10-04,4.46,4.55,4.39,4.42,141593
2019-10-03,4.39,4.56,4.37,4.53,133720
2019-10-02,4.35,4.47,4.305,4.46,239926
2019-10-01,4.45,4.63,4.3902,4.44,239433
2019-09-30,4.36,4.5,4.36,4.42,190037
2019-09-27,4.3,4.47,4.24,4.36,185173
2019-09-26,4.23,4.27,4.07,4.25,279468
2019-09-25,4.3,4.38,4.25,4.27,115842
2019-09-24,4.38,4.38,4.2,4.29,166384
2019-09-23,4.32,4.365,4.17,4.31,194971
2019-09-20,4.5,4.627,4.3,4.32,185928
2019-09-19,4.45,4.67,4.37,4.51,185721
2019-09-18,4.64,4.64,4.41,4.43,202981
2019-09-17,4.78,4.78,4.5673,4.63,181716
2019-09-16,4.87,4.93,4.76,4.78,238102
2019-09-13,4.96,5.095,4.85,4.89,208294
2019-09-12,5.11,5.19,4.92,4.94,310294
2019-09-11,5.05,5.13,4.915,5.12,326031
2019-09-10,4.8,5.085,4.8,5.05,458985
2019-09-09,4.6,4.82,4.6,4.8,213837
2019-09-06,4.61,4.6735,4.54,4.59,214962
2019-09-05,4.35,4.64,4.3086,4.6,231441
2019-09-04,4.34,4.4,4.28,4.32,171402
2019-09-03,4.44,4.47,4.15,4.27,337577
2019-08-30,4.66,4.66,4.39,4.48,209197
2019-08-29,4.7,4.73,4.55,4.63,275173
2019-08-28,4.59,4.77,4.59,4.63,165911
2019-08-27,4.85,4.855,4.59,4.61,324530
2019-08-26,4.67,4.84,4.63,4.82,300995
2019-08-23,4.67,4.83,4.61,4.64,444854
2019-08-22,4.55,4.73,4.55,4.71,271219
2019-08-21,4.59,4.63,4.5,4.52,146433
2019-08-20,4.61,4.61,4.35,4.53,311507
2019-08-19,4.63,4.74,4.54,4.61,346925
2019-08-16,4.46,4.62,4.41,4.54,258307
2019-08-15,4.56,4.56,4.36,4.39,294421
2019-08-14,4.68,4.68,4.51,4.53,311249
2019-08-13,4.65,4.9785,4.65,4.79,237344
2019-08-12,4.77,4.83,4.67,4.75,142487
2019-08-09,4.98,4.98,4.76,4.76,372679
2019-08-08,5.05,5.09,4.94,4.97,450175
2019-08-07,5.11,5.14,4.945,4.97,446050
2019-08-06,5.25,5.31,5.0,5.06,412694
2019-08-05,5.25,5.26,5.065,5.17,291995
2019-08-02,5.41,5.63,5.33,5.41,354115
2019-08-01,6.12,6.15,5.32,5.38,676775
2019-07-31,7.0,7.0,5.76,6.11,1028539
2019-07-30,6.37,6.58,6.33,6.54,430462
2019-07-29,6.24,6.45,6.21,6.43,320356
2019-07-26,6.07,6.3,5.9786,6.27,829641
2019-07-25,6.17,6.24,6.02,6.04,427384
2019-07-24,6.34,6.385,6.12,6.18,467472
2019-07-23,6.33,6.4,6.23,6.34,215127
2019-07-22,6.32,6.53,6.28,6.32,223406
2019-07-19,6.6,6.66,6.46,6.55,117734
2019-07-18,6.55,6.63,6.41,6.6,241850
2019-07-17,7.01,7.01,6.55,6.57,284889
2019-07-16,6.81,7.06,6.81,7.04,355003
2019-07-15,6.98,6.98,6.72,6.85,332856
2019-07-12,6.98,7.23,6.8441,6.97,290097
2019-07-11,7.34,7.38,6.98,7.01,374460
2019-07-10,7.65,7.6901,7.3627,7.44,216753
2019-07-09,7.46,7.67,7.46,7.66,150359
2019-07-08,7.67,7.7,7.46,7.52,268596
2019-07-05,7.19,7.76,7.12,7.73,303321
2019-07-03,7.37,7.39,7.18,7.22,133876
2019-07-02,7.61,7.68,7.27,7.35,180344
2019-07-01,7.37,7.67,7.37,7.65,355508
2019-06-28,7.27,7.35,7.1401,7.32,280506
2019-06-27,7.12,7.23,6.975,7.23,221331
2019-06-26,7.23,7.28,7.02,7.11,169569
2019-06-25,7.24,7.2839,7.07,7.18,241117
2019-06-24,7.65,7.65,7.21,7.24,216229
2019-06-21,7.66,7.73,7.46,7.68,262897
2019-06-20,7.77,7.85,7.64,7.65,199568
2019-06-19,7.78,7.805,7.55,7.7,224221
2019-06-18,7.41,7.84,7.36,7.8,533479
2019-06-17,7.45,7.49,7.3108,7.38,185738
2019-06-14,7.36,7.51,7.28,7.44,224656
2019-06-13,7.31,7.38,7.22,7.37,246201
2019-06-12,7.13,7.28,7.11,7.25,206780
2019-06-11,7.12,7.2,6.98,7.13,347033
2019-06-10,7.2,7.34,7.06,7.09,328695
2019-06-07,7.3,7.33,7.09,7.2,261733
2019-06-06,7.31,7.46,7.16,7.28,357624
2019-06-05,7.65,7.8,7.25,7.32,597427
2019-06-04,7.12,7.79,7.12,7.6,817717
2019-06-03,6.97,7.21,6.96,7.04,427960
2019-05-31,7.02,7.17,6.965,7.03,518415
2019-05-30,7.27,7.34,7.08,7.11,361139
2019-05-29,7.46,7.54,7.25,7.31,397673
2019-05-28,7.67,7.75,7.52,7.54,343080
2019-05-24,7.62,7.74,7.46,7.65,351301
2019-05-23,7.71,7.85,7.54,7.61,269519
2019-05-22,7.78,7.935,7.76,7.83,396881
2019-05-21,7.98,7.98,7.76,7.86,497416
2019-05-20,7.93,8.0,7.69,7.92,543915
2019-05-17,8.14,8.425,7.96,8.01,558846
2019-05-16,8.18,8.42,8.12,8.17,662934
2019-05-15,9.46,9.5,7.37,8.16,3248735
2019-05-14,8.56,8.6,8.28,8.52,1066613
2019-05-13,8.66,8.68,8.43,8.52,239240
2019-05-10,8.79,9.09,8.78,8.85,389243
2019-05-09,8.85,9.01,8.73,8.86,313394
2019-05-08,8.89,9.06,8.75,8.96,306662
2019-05-07,8.95,9.06,8.7548,8.86,220417
2019-05-06,8.76,9.11,8.66,9.0,508176
2019-05-03,8.93,9.0,8.8513,8.91,229484
2019-05-02,8.81,9.03,8.67,8.91,274843
2019-05-01,8.67,9.09,8.6066,8.83,282586
2019-04-30,8.66,8.8,8.59,8.64,165571
2019-04-29,8.37,8.775,8.2949,8.67,171475
2019-04-26,8.24,8.42,8.1599,8.36,133974
2019-04-25,8.3,8.35,8.09,8.25,173095
2019-04-24,8.35,8.52,8.22,8.33,137155
2019-04-23,8.32,8.42,8.16,8.34,223125
2019-04-22,8.69,8.69,8.14,8.31,324002
2019-04-18,8.63,8.82,8.63,8.7,256886
2019-04-17,8.69,8.72,8.57,8.67,243297
2019-04-16,8.46,8.73,8.45,8.69,306703
2019-04-15,8.54,8.5782,8.375,8.48,385899
2019-04-12,8.34,8.6504,8.31,8.52,225771
2019-04-11,8.45,8.46,8.235,8.28,125475
2019-04-10,8.55,8.57,8.37,8.45,214755
2019-04-09,8.68,8.69,8.48,8.5,187161
2019-04-08,8.65,8.83,8.5,8.74,201332
2019-04-05,8.9,8.9,8.49,8.67,354215
2019-04-04,8.88,9.02,8.84,8.88,355370
2019-04-03,8.87,8.97,8.8,8.9,247635
2019-04-02,8.9,9.04,8.76,8.86,438956
2019-04-01,8.87,8.98,8.72,8.92,310210
2019-03-29,8.46,8.96,8.46,8.8,565872
2019-03-28,8.0,8.47,7.96,8.45,409209
2019-03-27,7.58,8.17,7.55,8.0,411202
2019-03-26,7.24,7.6,7.23,7.59,398198
2019-03-25,7.05,7.28,7.01,7.17,130948
2019-03-22,7.11,7.19,6.96,7.06,167726
2019-03-21,7.25,7.31,7.03,7.16,192817
2019-03-20,6.87,7.36,6.85,7.27,227881
2019-03-19,6.87,7.08,6.74,6.89,236396
2019-03-18,6.71,6.9,6.59,6.82,207589
2019-03-15,6.69,6.69,6.53,6.64,278269
2019-03-14,6.78,6.8,6.62,6.69,99327
2019-03-13,6.89,6.99,6.65,6.79,218629
2019-03-12,6.74,6.97,6.665,6.87,293448
2019-03-11,6.66,6.76,6.56,6.72,124940
2019-03-08,6.6,6.74,6.53,6.65,133127
2019-03-07,6.52,6.735,6.51,6.66,136256
2019-03-06,6.66,6.67,6.425,6.52,122642
2019-03-05,6.77,6.84,6.59,6.65,107979
2019-03-04,6.78,6.87,6.65,6.76,180877
2019-03-01,6.89,6.99,6.73,6.8,181230
2019-02-28,6.6,6.84,6.52,6.83,192242
2019-02-27,6.72,6.8011,6.59,6.63,190228
2019-02-26,6.61,6.81,6.5,6.71,332386
2019-02-25,6.58,6.77,6.58,6.59,227390
2019-02-22,6.64,6.74,6.495,6.54,242519
2019-02-21,6.56,6.72,6.56,6.64,309703
2019-02-20,6.57,6.67,6.5,6.56,229087
2019-02-19,6.73,6.73,6.48,6.57,342892
2019-02-15,6.43,6.765,6.35,6.72,321228
2019-02-14,6.31,6.55,6.15,6.4,301577
2019-02-13,6.01,6.34,5.93,6.29,378806
2019-02-12,5.76,6.0,5.75,5.96,340998
2019-02-11,5.6,5.8351,5.45,5.78,419849
2019-02-08,5.73,5.87,5.4,5.62,721113
2019-02-07,6.01,6.02,5.57,5.76,598123
2019-02-06,6.74,6.86,5.7,5.97,2267195
2019-02-05,7.38,7.86,7.38,7.78,637414
2019-02-04,7.2,7.43,7.15,7.37,612753
2019-02-01,7.18,7.22,7.0,7.17,232109
2019-01-31,7.05,7.18,7.0,7.16,215586
2019-01-30,7.07,7.16,6.98,7.04,427990
2019-01-29,6.83,7.06,6.73,7.0,273746
2019-01-28,6.91,7.0,6.67,6.83,243088
2019-01-25,6.68,6.9627,6.68,6.95,245192
2019-01-24,6.43,6.71,6.43,6.63,236269
2019-01-23,6.21,6.5498,6.1843,6.45,271190
2019-01-22,6.05,6.37,6.0,6.2,259413
2019-01-18,5.98,6.13,5.8915,6.05,263367
2019-01-17,5.96,5.99,5.79,5.93,139967
2019-01-16,6.07,6.15,5.92,5.99,250947
2019-01-15,5.88,6.2,5.79,6.1,260923
2019-01-14,5.8,5.92,5.7788,5.88,148478
2019-01-11,5.7,6.025,5.64,5.86,388541
2019-01-10,5.48,5.735,5.37,5.71,250741
2019-01-09,5.49,5.63,5.47,5.54,194556
2019-01-08,5.47,5.69,5.38,5.55,323210
2019-01-07,5.12,5.49,5.05,5.38,246068
2019-01-04,5.01,5.15,4.95,5.12,217582
2019-01-03,4.92,5.08,4.82,4.93,256829
2019-01-02,4.72,5.08,4.69,4.95,272524
